<?xml version="1.0" encoding="UTF-8"?>
<project-private xmlns="http://www.netbeans.org/ns/project-private/1">
    <editor-bookmarks xmlns="http://www.netbeans.org/ns/editor-bookmarks/2" lastBookmarkId="0"/>
    <open-files xmlns="http://www.netbeans.org/ns/projectui-open-files/2">
        <group>
            <file>file:/C:/Users/Saba%20Fatima/Documents/NetBeansProjects/DS_assignment2/src/ds_assignment2/Q9.java</file>
            <file>file:/C:/Users/Saba%20Fatima/Documents/NetBeansProjects/DS_assignment2/src/ds_assignment2/Q6.java</file>
            <file>file:/C:/Users/Saba%20Fatima/Documents/NetBeansProjects/DS_assignment2/src/ds_assignment2/Q10.java</file>
            <file>file:/C:/Users/Saba%20Fatima/Documents/NetBeansProjects/DS_assignment2/src/ds_assignment2/Q3.java</file>
            <file>file:/C:/Users/Saba%20Fatima/Documents/NetBeansProjects/DS_assignment2/src/ds_assignment2/Q4.java</file>
            <file>file:/C:/Users/Saba%20Fatima/Documents/NetBeansProjects/DS_assignment2/src/ds_assignment2/Q7.java</file>
            <file>file:/C:/Users/Saba%20Fatima/Documents/NetBeansProjects/DS_assignment2/src/ds_assignment2/Q8.java</file>
            <file>file:/C:/Users/Saba%20Fatima/Documents/NetBeansProjects/DS_assignment2/src/ds_assignment2/Q5.java</file>
            <file>file:/C:/Users/Saba%20Fatima/Documents/NetBeansProjects/DS_assignment2/src/ds_assignment2/Q1.java</file>
        </group>
    </open-files>
</project-private>
